PasDeSalle.csv,PasDeSalle.csv,PasDeSalle.csv,PasDeSalle.csv,PasDeSalle.csv,PasDeSalle.csv,PasDeSalle.csv,PasDeSalle.csv,PasDeSalle.csv,PasDeSalle.csv
PasDeSalle.csv,PasDeSalle.csv,PasDeSalle.csv,PasDeSalle.csv,PasDeSalle.csv,PasDeSalle.csv,PasDeSalle.csv,PasDeSalle.csv,PasDeSalle.csv,PasDeSalle.csv
PasDeSalle.csv,PasDeSalle.csv,PasDeSalle.csv,PasDeSalle.csv,PasDeSalle.csv,PasDeSalle.csv,PasDeSalle.csv,PasDeSalle.csv,PasDeSalle.csv,PasDeSalle.csv
PasDeSalle.csv,PasDeSalle.csv,PasDeSalle.csv,PasDeSalle.csv,PasDeSalle.csv,PasDeSalle.csv,PasDeSalle.csv,PasDeSalle.csv,PasDeSalle.csv,PasDeSalle.csv
PasDeSalle.csv,PasDeSalle.csv,PasDeSalle.csv,PasDeSalle.csv,PasDeSalle.csv,PasDeSalle.csv,PasDeSalle.csv,PasDeSalle.csv,PasDeSalle.csv,PasDeSalle.csv
PasDeSalle.csv,PasDeSalle.csv,PasDeSalle.csv,PasDeSalle.csv,PasDeSalle.csv,PasDeSalle.csv,PasDeSalle.csv,PasDeSalle.csv,PasDeSalle.csv,PasDeSalle.csv
PasDeSalle.csv,PasDeSalle.csv,PasDeSalle.csv,PasDeSalle.csv,PasDeSalle.csv,PasDeSalle.csv,PasDeSalle.csv,PasDeSalle.csv,PasDeSalle.csv,PasDeSalle.csv
PasDeSalle.csv,PasDeSalle.csv,PasDeSalle.csv,PasDeSalle.csv,PasDeSalle.csv,PasDeSalle.csv,PasDeSalle.csv,PasDeSalle.csv,PasDeSalle.csv,PasDeSalle.csv
PasDeSalle.csv,PasDeSalle.csv,PasDeSalle.csv,PasDeSalle.csv,PasDeSalle.csv,PasDeSalle.csv,PasDeSalle.csv,PasDeSalle.csv,PasDeSalle.csv,PasDeSalle.csv
PasDeSalle.csv,PasDeSalle.csv,PasDeSalle.csv,PasDeSalle.csv,PasDeSalle.csv,PasDeSalle.csv,PasDeSalle.csv,PasDeSalle.csv,PasDeSalle.csv,PasDeSalle.csv