PasDeSalle.csv,PasDeSalle.csv,PasDeSalle.csv,PasDeSalle.csv,PasDeSalle.csv,PasDeSalle.csv,PasDeSalle.csv,PasDeSalle.csv,PasDeSalle.csv,PasDeSalle.csv
PasDeSalle.csv,PasDeSalle.csv,PasDeSalle.csv,PasDeSalle.csv,PasDeSalle.csv,PasDeSalle.csv,PasDeSalle.csv,PasDeSalle.csv,PasDeSalle.csv,PasDeSalle.csv
PasDeSalle.csv,PasDeSalle.csv,PasDeSalle.csv,PasDeSalle.csv,PasDeSalle.csv,PasDeSalle.csv,PasDeSalle.csv,PasDeSalle.csv,PasDeSalle.csv,PasDeSalle.csv
PasDeSalle.csv,PasDeSalle.csv,PasDeSalle.csv,SalleSortie.csv,PasDeSalle.csv,PasDeSalle.csv,PasDeSalle.csv,PasDeSalle.csv,PasDeSalle.csv,PasDeSalle.csv
PasDeSalle.csv,PasDeSalle.csv,PasDeSalle.csv,SalleBoss.csv,PasDeSalle.csv,PasDeSalle.csv,PasDeSalle.csv,PasDeSalle.csv,PasDeSalle.csv,PasDeSalle.csv
PasDeSalle.csv,PasDeSalle.csv,PasDeSalle.csv,SalleCombatHB2G.csv,PasDeSalle.csv,PasDeSalle.csv,PasDeSalle.csv,PasDeSalle.csv,PasDeSalle.csv,PasDeSalle.csv
PasDeSalle.csv,PasDeSalle.csv,PasDeSalle.csv,CouloirDH.csv,SalleCombatGDB1G.csv,SalleCombatG2G.csv,PasDeSalle.csv,PasDeSalle.csv,PasDeSalle.csv,PasDeSalle.csv
PasDeSalle.csv,PasDeSalle.csv,PasDeSalle.csv,PasDeSalle.csv,CouloirHBVide.csv,PasDeSalle.csv,PasDeSalle.csv,PasDeSalle.csv,PasDeSalle.csv,PasDeSalle.csv
PasDeSalle.csv,PasDeSalle.csv,PasDeSalle.csv,PasDeSalle.csv,SalleSpawn.csv,PasDeSalle.csv,PasDeSalle.csv,PasDeSalle.csv,PasDeSalle.csv,PasDeSalle.csv
PasDeSalle.csv,PasDeSalle.csv,PasDeSalle.csv,PasDeSalle.csv,PasDeSalle.csv,PasDeSalle.csv,PasDeSalle.csv,PasDeSalle.csv,PasDeSalle.csv,PasDeSalle.csv