SalleSortie.csv,PasDeSalle.csv,PasDeSalle.csv,PasDeSalle.csv,PasDeSalle.csv,PasDeSalle.csv,PasDeSalle.csv,PasDeSalle.csv,PasDeSalle.csv,PasDeSalle.csv
SalleTutoCombat.csv,PasDeSalle.csv,PasDeSalle.csv,PasDeSalle.csv,PasDeSalle.csv,PasDeSalle.csv,PasDeSalle.csv,PasDeSalle.csv,PasDeSalle.csv,PasDeSalle.csv
SalleSpawn.csv,PasDeSalle.csv,PasDeSalle.csv,PasDeSalle.csv,PasDeSalle.csv,PasDeSalle.csv,PasDeSalle.csv,PasDeSalle.csv,PasDeSalle.csv,PasDeSalle.csv
PasDeSalle.csv,PasDeSalle.csv,PasDeSalle.csv,PasDeSalle.csv,PasDeSalle.csv,PasDeSalle.csv,PasDeSalle.csv,PasDeSalle.csv,PasDeSalle.csv,PasDeSalle.csv
PasDeSalle.csv,PasDeSalle.csv,PasDeSalle.csv,PasDeSalle.csv,PasDeSalle.csv,PasDeSalle.csv,PasDeSalle.csv,PasDeSalle.csv,PasDeSalle.csv,PasDeSalle.csv
PasDeSalle.csv,PasDeSalle.csv,PasDeSalle.csv,PasDeSalle.csv,PasDeSalle.csv,PasDeSalle.csv,PasDeSalle.csv,PasDeSalle.csv,PasDeSalle.csv,PasDeSalle.csv
PasDeSalle.csv,PasDeSalle.csv,PasDeSalle.csv,PasDeSalle.csv,PasDeSalle.csv,PasDeSalle.csv,PasDeSalle.csv,PasDeSalle.csv,PasDeSalle.csv,PasDeSalle.csv
PasDeSalle.csv,PasDeSalle.csv,PasDeSalle.csv,PasDeSalle.csv,PasDeSalle.csv,PasDeSalle.csv,PasDeSalle.csv,PasDeSalle.csv,PasDeSalle.csv,PasDeSalle.csv
PasDeSalle.csv,PasDeSalle.csv,PasDeSalle.csv,PasDeSalle.csv,PasDeSalle.csv,PasDeSalle.csv,PasDeSalle.csv,PasDeSalle.csv,PasDeSalle.csv,PasDeSalle.csv
PasDeSalle.csv,PasDeSalle.csv,PasDeSalle.csv,PasDeSalle.csv,PasDeSalle.csv,PasDeSalle.csv,PasDeSalle.csv,PasDeSalle.csv,PasDeSalle.csv,PasDeSalle.csv